<?xml version="1.0" encoding="UTF-8"?>
<project-private xmlns="http://www.netbeans.org/ns/project-private/1">
    <editor-bookmarks xmlns="http://www.netbeans.org/ns/editor-bookmarks/2" lastBookmarkId="0"/>
    <open-files xmlns="http://www.netbeans.org/ns/projectui-open-files/2">
        <group>
            <file>file:/C:/Users/daksh/Documents/NetBeansProjects/risk_game_28my/risk_game-dakshesh/src/models/TestClass.java</file>
            <file>file:/C:/Users/daksh/Documents/NetBeansProjects/risk_game_28my/risk_game-dakshesh/src/view/FortificationPhaseView.java</file>
            <file>file:/C:/Users/daksh/Documents/NetBeansProjects/risk_game_28my/risk_game-dakshesh/src/view/GameBoardView.java</file>
            <file>file:/C:/Users/daksh/Documents/NetBeansProjects/risk_game_28my/risk_game-dakshesh/src/main/Risk_Game_Main.java</file>
            <file>file:/C:/Users/daksh/Documents/NetBeansProjects/risk_game_28my/risk_game-dakshesh/src/models/GameBoard.java</file>
            <file>file:/C:/Users/daksh/Documents/NetBeansProjects/risk_game_28my/risk_game-dakshesh/src/models/Player.java</file>
            <file>file:/C:/Users/daksh/Documents/NetBeansProjects/risk_game_28my/risk_game-dakshesh/src/controllers/services/ReinforcementPhaseUpdateService.java</file>
            <file>file:/C:/Users/daksh/Documents/NetBeansProjects/risk_game_28my/risk_game-dakshesh/src/view/CardExchangeView.java</file>
            <file>file:/C:/Users/daksh/Documents/NetBeansProjects/risk_game_28my/risk_game-dakshesh/src/GameEngine/GameSetup.java</file>
            <file>file:/C:/Users/daksh/Documents/NetBeansProjects/risk_game_28my/risk_game-dakshesh/src/models/Phase.java</file>
            <file>file:/C:/Users/daksh/Documents/NetBeansProjects/risk_game_28my/risk_game-dakshesh/src/GameEngine/GameDriver.java</file>
            <file>file:/C:/Users/daksh/Documents/NetBeansProjects/risk_game_28my/risk_game-dakshesh/src/controllers/AttackPhaseController.java</file>
            <file>file:/C:/Users/daksh/Documents/NetBeansProjects/risk_game_28my/risk_game-dakshesh/src/controllers/services/AttackPhaseUpdateService.java</file>
        </group>
    </open-files>
</project-private>
