<?xml version="1.0" encoding="UTF-8"?>
<project-private xmlns="http://www.netbeans.org/ns/project-private/1">
    <editor-bookmarks xmlns="http://www.netbeans.org/ns/editor-bookmarks/2" lastBookmarkId="0"/>
    <open-files xmlns="http://www.netbeans.org/ns/projectui-open-files/2">
        <group>
            <file>file:/C:/Users/daksh/Documents/NetBeansProjects/risk_game_28my/risk_game-dakshesh/src/controllers/AttackPhaseController.java</file>
            <file>file:/C:/Users/daksh/Documents/NetBeansProjects/risk_game_28my/risk_game-dakshesh/src/view/AttackPhaseView.java</file>
            <file>file:/C:/Users/daksh/Documents/NetBeansProjects/risk_game_28my/risk_game-dakshesh/src/resources/Constants.java</file>
            <file>file:/C:/Users/daksh/Documents/NetBeansProjects/risk_game_28my/risk_game-dakshesh/src/models/GameMap.java</file>
            <file>file:/C:/Users/daksh/Documents/NetBeansProjects/risk_game_28my/risk_game-dakshesh/src/risk_game/GameSetup.java</file>
            <file>file:/C:/Users/daksh/Documents/NetBeansProjects/risk_game_28my/risk_game-dakshesh/src/models/GameBoard.java</file>
            <file>file:/C:/Users/daksh/Documents/NetBeansProjects/risk_game_28my/risk_game-dakshesh/src/controllers/services/StartupPhaseServices.java</file>
            <file>file:/C:/Users/daksh/Documents/NetBeansProjects/risk_game_28my/risk_game-dakshesh/src/controllers/services/AttackPhaseUpdateService.java</file>
            <file>file:/C:/Users/daksh/Documents/NetBeansProjects/risk_game_28my/risk_game-dakshesh/src/models/Player.java</file>
            <file>file:/C:/Users/daksh/Documents/NetBeansProjects/risk_game_28my/risk_game-dakshesh/src/risk_game/FortificationWindow.java</file>
            <file>file:/C:/Users/daksh/Documents/NetBeansProjects/risk_game_28my/risk_game-dakshesh/src/risk_game/GameDriver.java</file>
            <file>file:/C:/Users/daksh/Documents/NetBeansProjects/risk_game_28my/risk_game-dakshesh/src/view/NewJFrame.java</file>
            <file>file:/C:/Users/daksh/Documents/NetBeansProjects/risk_game_28my/risk_game-dakshesh/src/view/GameBoardView.java</file>
            <file>file:/C:/Users/daksh/Documents/NetBeansProjects/risk_game_28my/risk_game-dakshesh/src/risk_game/Methods.java</file>
            <file>file:/C:/Users/daksh/Documents/NetBeansProjects/risk_game_28my/risk_game-dakshesh/src/utilities/CircularLinkedList.java</file>
            <file>file:/C:/Users/daksh/Documents/NetBeansProjects/risk_game_28my/risk_game-dakshesh/src/controllers/services/PhaseUpdateService.java</file>
            <file>file:/C:/Users/daksh/Documents/NetBeansProjects/risk_game_28my/risk_game-dakshesh/src/controllers/StartupPhaseController.java</file>
            <file>file:/C:/Users/daksh/Documents/NetBeansProjects/risk_game_28my/risk_game-dakshesh/src/utilities/Phase.java</file>
            <file>file:/C:/Users/daksh/Documents/NetBeansProjects/risk_game_28my/risk_game-dakshesh/src/main/Risk_Game_Main.java</file>
        </group>
    </open-files>
</project-private>
